,,,,,2025/8/23,,,2025/8/22,,,2025/8/21,,,2025/8/20,,,2025/8/19,,,2025/8/18,,,2025/8/17,,,2025/8/16,,,2025/8/15,,,2025/8/14,,,2025/8/13,,,2025/8/12,,,2025/8/11,,,2025/8/10,,,2025/8/9,,,2025/8/8,,,2025/8/7,,,2025/8/6,,,2025/8/5,,,2025/8/4,,,2025/8/3,,,2025/8/2,,,2025/8/1,,,2025/7/31,,,2025/7/30,,,2025/7/29,,,2025/7/28,,,2025/7/27,,,2025/7/26,,,2025/7/25,,,2025/7/24,,,2025/7/23,,,2025/7/22,,,2025/7/21,,,2025/7/20,,,2025/7/19,,,2025/7/18,,,2025/7/17,,,2025/7/16,,,2025/7/15,,,2025/7/14,,,2025/7/13,,,2025/7/12,,,2025/7/11,,,2025/7/10,,,,,,,,,,,,,,,,
类型,指标,站点,近7天平均,,百分比,分子,分母,百分比,分子,分母,百分比,分子,分母,百分比,分子,分母,百分比,分子,分母,百分比,分子,分母,百分比,分子,分母,百分比,分子,分母,百分比,分子,分母,百分比,分子,分母,百分比,分子,分母,百分比,分子,分母,百分比,分子,分母,百分比,分子,分母,百分比,分子,分母,百分比,分子,分母,百分比,分子,分母,百分比,分子,分母,百分比,分子,分母,百分比,分子,分母,百分比,分子,分母,百分比,分子,分母,百分比,分子,分母,百分比,分子,分母,百分比,分子,分母,百分比,分子,分母,百分比,分子,分母,百分比,分子,分母,百分比,分子,分母,百分比,分子,分母,百分比,分子,分母,百分比,分子,分母,百分比,分子,分母,百分比,分子,分母,百分比,分子,分母,百分比,分子,分母,百分比,分子,分母,百分比,分子,分母,百分比,分子,分母,百分比,分子,分母,百分比,分子,分母,百分比,分子,分母,百分比,分子,分母,百分比,分子,分母,百分比,分子,分母,,,,,,,,,,,,,,
"NF
固网",关联率,A1,,,99.93%,3722398650,3725027180,99.94%,3462792648,3464983542,99.93%,3431214971,3433540297,99.94%,3716349053,3718748465,99.94%,4179499251,4182141071,99.83%,415502828,416189620,99.92%,3295216412,3297695044,99.94%,3630785868,3633059249,99.90%,3321536569,3324979325,99.93%,3179570618,3181668536,99.93%,3633130005,3635582649,99.94%,3431648849,3433645235,99.94%,3512721841,3514749206,99.94%,3557705654,3559766472,99.93%,3491514956,3493771894,99.93%,3496363859,3498803196,99.92%,3430043744,3432750058,99.92%,3430043744,3432750058,99.91%,418284308,418622375,99.92%,3409868156,3412394315,99.91%,3200411803,3203068260,99.88%,436837853,437360947,99.84%,3393493222,3398645626,99.81%,3789657929,3796579218,99.77%,3359614172,3367246795,99.91%,3170500659,3173335153,99.91%,2806305385,2808621968,99.88%,430550690,431063532,99.87%,424897897,425447979,99.87%,419898773,420426933,99.87%,418268092,418804527,99.86%,435451648,436032022,99.87%,472985794,473597418,99.90%,2862024507,2864718427,99.91%,2858940289,2861344735,95.8%,2490270804,2599304285,53.53%,1549802269,2895409693,81.49%,1933383411,2372463769,99.85%,269859780,270248537,99.92%,2397327319,2399144832,99.87%,,,99.82%,,,99.41%,,,99.83%,,,,,,,,,,,,,,,,,,,
,,B1,,,99.88%,2465455206,2468339487,99.90%,2167608810,2169860692,99.89%,2361715617,2364237937,99.90%,2355811277,2358178634,99.92%,2257100679,2258944738,99.92%,2529434133,2531346949,99.91%,2550843043,2553223458,99.92%,2236136093,2237991557,99.91%,1989076404,1990855831,99.92%,2259539094,2261275987,99.92%,2268382815,2270137107,99.90%,2173303755,2175539442,99.91%,2177177961,2179176454,99.92%,2271155590,2272984753,99.91%,2123906973,2125770405,99.91%,2170349286,2172206987,99.91%,2551522137,2553614897,99.91%,2551522137,2553614897,99.92%,548492233,548877710,99.91%,2480734235,2482919407,99.92%,2592881806,2594937677,99.81%,548101156,549096612,98.29%,2093411841,2129687450,96.76%,2186785964,2259838093,98.02%,2520683870,2571601262,94.92%,2337156089,2462220019,97.88%,2009363832,2052857766,97.73%,504777682,516454913,98.32%,507644279,516284776,98.48%,524312982,532394547,98.13%,517184170,526997640,98.20%,529448164,539138887,97.90%,532134450,543535947,97.30%,1870709030,1922617605,95.03%,1928330326,2029023324,91.35%,1894970942,2074280188,61.2%,1018252021,1662006737,73%,1069010360,1464250185,85.57%,361279654,422154722,88.05%,1470317103,1669816827,96.83%,,,98.44%,,,98.69%,,,98.66%,,,,,,,,,,,,,,,,,,,
,,C1,,,99.86%,1643173657,1645453988,99.91%,1553231545,1554669025,99.92%,1744092551,1745545684,99.92%,1663331509,1664614455,99.91%,1407794981,1409059678,99.92%,1502691584,1503952327,99.89%,1321699698,1323206096,99.88%,1353542475,1355202910,99.90%,1703276480,1705050032,99.92%,1415003905,1416122073,99.92%,1497278203,1498536646,99.92%,1548438873,1549670506,99.92%,1508466372,1509709009,99.89%,1376389340,1377842705,99.91%,1288504105,1289646634,99.92%,1665489067,1666665783,98.84%,1657542413,1676988547,98.84%,1657542413,1676988547,99.93%,303474254,303684490,99.91%,1475556216,1476806174,99.91%,1585217493,1586514582,99.88%,305480003,305816818,99.87%,1515533710,1517492063,99.91%,1378310641,1379421226,99.90%,1465111741,1466473301,99.91%,1467403264,1468698764,99.92%,1674825931,1676046063,99.89%,321618590,321959256,99.91%,317605124,317885137,99.91%,314003035,314278102,99.91%,311959722,312239865,99.89%,302887941,303204009,99.88%,308826068,309166167,99.61%,1537171653,1543102835,99.86%,2202931552,2206019411,97.64%,2100160876,2150905505,63.98%,1517730886,2372046560,97.63%,2629508008,2693142333,99.84%,461822520,462561940,99.82%,1813671715,1816879082,97.11%,,,88.18%,,,89.69%,,,94.88%,,,,,,,,,,,,,,,,,,,
,准确率,A1,,,99.96%,2069435804,2070283004,99.92%,1964839650,1966314563,99.94%,2053839612,2055040368,99.95%,2181952338,2183136384,99.92%,2298272372,2300226390,99.94%,2570235066,2571897190,99.76%,1853172246,1857585993,99.96%,2117680501,2118477949,99.95%,1901183338,1902073285,99.94%,1746096655,1747108268,99.95%,2111487853,2112482328,99.93%,1757866997,1759066555,99.94%,1724355574,1725403517,99.95%,1978737746,1979746700,99.93%,1790344029,1791431497,99.94%,1757439441,1758447066,99.93%,2036058447,2037404168,99.93%,2036058447,2037404168,99.95%,2424614927,2425733322,99.94%,2038233063,2039311440,99.94%,1843117343,1844149831,99.97%,2305939523,2306639382,,,,99.95%,2177919392,2178856845,99.94%,2092694708,2093776811,,,,99.94%,1642323029,1643300775,99.93%,1567544485,1568564997,99.95%,1663345414,1664112001,99.94%,1491494582,1492309459,99.87%,252169948,252480880,99.79%,246938719,247455046,99.51%,262528959,263821643,99.76%,1690183721,1694096703,99.75%,1668864235,1672946122,99.73%,1305652510,1309112950,99.8%,963854323,965705157,99.79%,969042013,971072029,99.83%,625120760,626181669,99.86%,678666381,679608536,99.84%,,,99.85%,,,99.9%,,,99.9%,,,,,,,,,,,,,,,,,,,
,,B1,,,99.95%,1467264171,1467976141,99.93%,1284378271,1285303921,99.72%,1473188518,1477382126,99.84%,1465317546,1467670780,99.91%,1406463893,1407666872,99.95%,1630335215,1631227562,99.70%,1603305552,1608189006,99.94%,1227741504,1228527142,99.94%,1282869049,1283580380,99.94%,1465142816,1466068610,99.94%,1435884561,1436744571,99.93%,1263084816,1263980439,99.93%,1330798899,1331681398,99.90%,1435868896,1437278222,99.93%,1161061627,1161779063,99.94%,1273125820,1273888399,99.92%,1496695120,1497881218,99.92%,1496695120,1497881218,99.94%,1822484205,1823412252,99.94%,1511775654,1512628541,99.94%,1768418058,1769313640,99.95%,1481193172,1481920867,,,,78.91%,1036439110,1313348705,83.71%,1266148792,1512383767,,,,82.33%,1027050201,1247361482,77.21%,1199831590,1553896299,84.60%,1202229087,1421048644,84.96%,1195203621,1406727168,84.58%,278999597,329826280,84.19%,277091874,329120165,83.74%,276464019,330125865,87.03%,967038955,1111104845,70.66%,828514374,1172473208,93.03%,1049295241,1127820255,97.22%,752546212,774042131,96.5%,684430761,709213154,93.29%,585851889,627981224,92.07%,512290766,556412326,80.71%,,,80.81%,,,83.86%,,,85.52%,,,,,,,,,,,,,,,,,,,
,,C1,,,99.91%,979570648,980412146,99.90%,859293807,860162651,99.90%,999227159,1000262292,99.95%,914448280,914933813,99.94%,900614444,901170831,99.95%,848562945,849019277,99.93%,785836983,786360479,99.93%,830244090,830803409,99.94%,1014952829,1015518449,99.95%,815841520,816283145,99.91%,885399926,886169569,99.88%,925991317,927120711,99.86%,825478997,826639100,99.93%,809945734,810517908,99.92%,756144397,756689247,99.93%,867762913,868288249,99.94%,796569676,797040294,99.94%,796569676,797040294,99.95%,1205770808,1206358616,99.92%,833911671,834507029,,,,99.92%,1057387560,1058266300,,,,99.92%,742467459,743046374,99.86%,829228255,830383965,,,,99.89%,1079703634,1080850331,99.89%,923558222,924561161,99.88%,990066137,991165021,99.88%,961415728,962477958,99.88%,196619740,196836770,99.88%,188605346,188813291,99.90%,192813085,193002761,99.85%,807444605,808584890,99.83%,1345623337,1347807014,99.81%,1300539041,1302978846,99.87%,1111114883,1112490197,99.83%,1747819593,1750690481,99.79%,766608020,768194831,99.88%,556782619,557428281,99.65%,,,99.76%,,,99.89%,,,99.84%,,,,,,,,,,,,,,,,,,,
,汇总,A1,,,0.9986004900000002,,,0.99870042,,,0.9985005600000001,,,0.9985005600000001,,,0.9986004500000001,,,,,,,,,0.99850036,,,,,,0.99760095,,,0.9971013799999999,,,,,,,,,,,,,,,,,,,,,0.9965029400000001,,,0.9938063700000002,,,0.9966024000000001,,,0.99660225,,,0.9554134,,,0.5342294,,,0.8131887099999999,,,0.9968025500000001,,,0.99780112,,,0.99710208,,,0.9967027,,,0.9931059,,,0.9973017,,,,,,,,,,,,,,,,,,,
,,B1,,,0.99840063,,,0.99850054,,,0.9983007199999999,,,0.9983007199999999,,,0.9986004799999999,,,,,,,,,0.99760095,,,,,,0.7635331599999999,,,0.82052542,,,,,,,,,,,,,,,,,,,,,0.8267458,,,0.8198146,,,0.8468019,,,0.67148198,,,0.84982905,,,0.5949863999999999,,,0.7044499999999999,,,0.7982825299999999,,,0.8106763499999999,,,0.78151493,,,0.7954936400000001,,,0.82761434,,,0.84374032,,,,,,,,,,,,,,,,,,,
,,C1,,,0.9983007199999999,,,0.9985005600000001,,,0.98780696,,,0.98780696,,,0.9988003500000001,,,,,,,,,0.9980009599999999,,,,,,0.9983007199999999,,,0.9976014000000002,,,,,,,,,,,,,,,,,,,,,0.9977013199999999,,,0.9978012,,,0.9946058499999999,,,0.99690238,,,0.9745448400000001,,,0.6389682600000001,,,0.97464029,,,0.99630336,,,0.99700216,,,0.96770115,,,0.8796836800000001,,,0.89591341,,,0.9472819199999999,,,,,,,,,,,,,,,,,,,
"NF
移动网",关联率,A1,,,98.98%,1184304878,1196493397,99.02%,1276665233,1289334841,98.98%,1258086405,1271045254,99.02%,1300303369,1313225036,98.98%,1279075315,1292194055,98.90%,1286847481,1301203258,98.91%,1352167136,1367115155,98.91%,1178576132,1191544619,98.97%,1217658532,1230294941,98.99%,1187547042,1199624712,99.00%,1231263644,1243703639,99.03%,1252345177,1264620599,99.02%,1219468987,1231581923,99.00%,1246048997,1258586449,98.43%,1350040816,1371505318,98.39%,1272675372,1293466797,98.49%,1333344805,1353694731,98.49%,1333344805,1353694731,98.74%,304023844,307894159,98.54%,1282380655,1301268275,98.33%,1272749269,1294237954,98.25%,273084265,277922327,98.47%,1235858843,1254968416,98.44%,1277065087,1297189744,98.57%,1266663744,1285025576,98.59%,1346109822,1365321573,98.63%,1284609955,1302385273,98.62%,250454478,253941419,98.59%,1153375902,1169766077,98.52%,232003613,235450280,98.58%,257268789,260969349,96.62%,270676426,274454015,98.56%,280354507,284442149,98.55%,1309107236,1328311556,98.44%,1329451421,1350430491,97.78%,1178065376,1204798673,94%,1013312195,1077936320,95.25%,1069617121,1122881619,98.9%,237064258,239694703,98.67%,1033294233,1047169397,98.61%,,,98.6%,,,98.34%,,,98.49%,,,,,,,,,,,,,,,,,,,
,,B1,,,99.34%,883614576,889515282,99.44%,920361644,925558120,99.40%,865534875,870730613,99.40%,873457388,878760110,99.41%,881229401,886420866,99.42%,889813959,895012916,99.38%,866211230,871588024,99.40%,846596768,851727395,99.39%,853192990,858464866,99.35%,802446999,807673372,99.39%,834115039,839219845,99.39%,834541802,839623582,99.37%,772244710,777142979,99.38%,858900707,864219456,98.97%,1219820624,1232509494,98.91%,1215583082,1228929710,98.89%,1288692522,1303036118,98.89%,1288692522,1303036118,98.96%,1296324485,1309889231,98.99%,1213789969,1226120817,98.96%,1208055713,1220717236,98.71%,231677078,234695926,97.82%,1121816198,1146196705,97.16%,1129068917,1161992651,97.50%,1154016057,1183560158,97.83%,1140299089,1165489313,97.51%,1146660675,1175896257,96.98%,365368730,376721086,97.64%,1098728815,1125223273,97.35%,345975797,355372226,97.42%,368606110,378360655,97.47%,373920907,383612806,97.42%,390322903,400632096,91.51%,1133272672,1238327037,97.38%,1152020791,1182942989,96.24%,921090411,957063840,93.07%,611919662,657466572,93.09%,653465169,701902574,91.23%,46689101,51172127,96.09%,756907608,787673097,97.97%,,,97.18%,,,97.8%,,,97.73%,,,,,,,,,,,,,,,,,,,
,,C1,,,99.96%,1091618592,1092090166,99.96%,1117938780,1118368989,99.96%,1126843315,1127294233,99.96%,1174436560,1174880917,99.87%,1149233874,1150741164,99.95%,1133402814,1134017940,99.94%,1067218379,1067856601,99.96%,983557551,983946552,,,,99.96%,1095571919,1095999343,99.96%,1129547958,1129959640,99.96%,1131818501,1132240301,99.96%,1123294381,1123732298,99.96%,1108263655,1108693617,99.37%,818460836,823616003,99.36%,810002348,815204358,99.32%,796017187,801390250,99.32%,796017187,801390250,99.34%,854890965,860484343,99.36%,856860742,862342656,99.37%,838811216,844067179,99.26%,182995606,184347954,99.34%,823240053,828655358,99.39%,758182146,762781825,99.40%,828041479,832993897,99.41%,822302228,827101074,99.42%,824140016,828930185,99.41%,834192730,839141904,99.41%,815049350,819822611,99.77%,193750021,194186414,99.73%,207857350,208413799,99.74%,203400099,203921127,99.71%,207936951,208534727,99.39%,816812421,821820658,99.13%,850154999,857539728,95.58%,831537876,843474583,96.02%,822678913,856706456,98.24%,987286203,1004871462,99.68%,371476400,372654716,99.46%,1014007894,1019499935,99.36%,,,99.36%,,,99.43%,,,99.42%,,,,,,,,,,,,,,,,,,,
,准确率,A1,,,99.99%,956716459,956797056,99.99%,1042976670,1043053403,99.91%,1021474104,1022369443,99.97%,1054398889,1054760442,99.99%,1039912534,1039984980,99.99%,1050835107,1050918211,99.99%,1102895796,1103016247,99.99%,942037221,942119571,,,,99.99%,968071951,968150075,99.99%,1003210375,1003287864,99.99%,1030613546,1030691643,99.99%,994619062,994698687,99.99%,1022273600,1022351967,99.96%,1127726355,1128165036,99.95%,1057149674,1057601159,99.93%,1114200148,1114883514,99.93%,1114200148,1114883514,99.95%,1140164866,1140730417,99.96%,1072789229,1073194596,,,,99.93%,171921398,172025874,,,,99.95%,1065729046,1066180979,99.95%,1052538079,1053057797,,,,99.96%,1069391738,1069782303,99.96%,1006753381,1007124096,99.96%,962295199,962677617,99.95%,920954299,921339991,99.96%,214191793,214258778,99.96%,226206455,226275363,99.55%,233825910,234868319,99.69%,1105724955,1109113628,99.61%,1128973951,1133334432,99.51%,987194035,992031865,99.45%,895887984,900765569,99.68%,911166077,914050531,99.95%,577261466,577540575,99.94%,598146574,598458140,99.95%,,,99.95%,,,99.95%,,,99.95%,,,,,,,,,,,,,,,,,,,
,,B1,,,99.89%,799474817,800368973,99.92%,804441653,805101398,99.93%,746977935,747529406,99.93%,759394276,759907718,99.90%,764367973,765163974,99.94%,767882522,768338085,99.92%,752598636,753175824,99.91%,721944121,722566356,,,,99.94%,692229112,692612419,99.96%,712273994,712583875,99.95%,723386149,723772198,99.92%,670822206,671338613,,,,99.99%,988029834,988118207,99.99%,978367876,978460973,99.98%,1080644213,1080814956,99.98%,1080644213,1080814956,99.98%,1066197531,1066372209,99.99%,988723845,988808699,,,,99.98%,144926103,144949778,,,,74.52%,685148587,919389656,78.42%,734749931,936859333,,,,81.70%,770636518,943229265,78.50%,716105438,912155030,81.66%,732532329,898176562,83.57%,714221772,854549164,84.24%,258994852,307439339,83.67%,256655024,306719680,82.15%,773647445,941725745,87.44%,817658386,935086996,84.11%,838587957,996984151,87.75%,685462618,781112902,91.47%,514369390,562307331,91.49%,520670029,569099655,92.14%,469599875,509647545,90.63%,391883205,432383425,81.14%,,,80.44%,,,82.08%,,,84.89%,,,,,,,,,,,,,,,,,,,
,,C1,,,99.97%,707515383,707676752,99.92%,696840437,697357387,99.97%,694331194,694474768,99.97%,694331194,694474768,99.95%,739357207,739691101,99.95%,748342399,748657682,,,,99.90%,118198429,118307266,,,,99.97%,652595207,652727298,99.94%,719003554,719430969,,,,99.96%,715795661,716049875,99.94%,721824994,722239496,99.96%,705366190,705643070,99.95%,684550826,684859220,99.96%,181487857,181555727,99.85%,177418228,177499680,99.94%,726620696,726987558,99.91%,706721132,707311824,99.80%,745396065,746845126,99.73%,726855290,728798594,99.83%,737956278,739142292,99.81%,866177772,867744291,99.87%,848649815,849698861,99.9%,498637561,499110978,99.52%,,,99.82%,,,99.94%,,,99.83%,,,,,,,,,,,,,,,,,,,
,汇总,A1,,,0.98390628,,,0.9834080500000001,,,0.9842105700000001,,,0.9842105700000001,,,0.9869063,,,,,,,,,0.9818122500000002,,,,,,0.9839078,,,0.9852071499999999,,,,,,,,,,,,,,,,,,,,,0.96581352,,,0.9811648,,,0.98244495,,,0.9805608399999999,,,0.97300878,,,0.93483,,,0.9494520000000001,,,0.9885055,,,0.98610798,,,0.98560695,,,0.985507,,,0.9829083000000001,,,0.98440755,,,,,,,,,,,,,,,,,,,
,,B1,,,0.9896010299999999,,,0.9890010899999999,,,0.9887022200000001,,,0.9887022200000001,,,0.98940208,,,,,,,,,0.98690258,,,,,,0.72403632,,,0.764595,,,,,,,,,,,,,,,,,,,,,0.81553149,,,0.8003053000000001,,,0.80016344,,,0.81906318,,,0.844506,,,0.8513112899999999,,,0.8516804099999999,,,0.84059322,,,0.87086367,,,0.79492858,,,0.78171592,,,0.8027424,,,0.8296299699999999,,,,,,,,,,,,,,,,,,,
,,C1,,,0.99340189,,,0.99280512,,,0.99290204,,,0.99290204,,,0.9929033000000002,,,,,,,,,0.9916074000000001,,,,,,0.99360183,,,0.9934036,,,,,,,,,,,,,,,,,,,,,0.9959038999999998,,,0.9965017399999999,,,0.99300549,,,0.9893173999999999,,,0.95321934,,,0.95856766,,,0.9805334400000001,,,0.9955041600000001,,,0.9936054000000001,,,0.98883072,,,0.9918115200000001,,,0.9937034199999999,,,0.99250986,,,,,,,,,,,,,,,,,,,
"PR
固网",关联率,A1,,,99.45%,546913027,549925348,99.39%,537000529,540304977,99.15%,545380095,550035432,99.24%,542594100,546763016,99.19%,540383443,544811632,99.20%,513891379,518028664,99.09%,511199449,515898150,99.45%,499520204,502268947,99.44%,497779173,500562638,98.98%,539073370,544648321,99.12%,544122641,548939603,99.06%,545979902,551155052,98.71%,544742705,551844137,99.27%,571400247,575591705,99.21%,280068246,282272511,99.17%,275694004,277974643,98.82%,271841661,275071510,98.82%,271841661,275071510,98.66%,250030560,253424721,99.03%,200884830,202842297,98.83%,173177180,175220102,99.12%,,,,,,,,,,,,,,,,,,,,,,,,,,,,,,,,,97.55%,297660847,305126142,98.88%,361060099,365142094,98.95%,350542639,354231615,99.28%,346482145,348985730,99.35%,422802990,425530503,99.02%,464915711,469496499,95.23%,444647501,466895570,85.05%,426831860,501846770,,,,,,,,,,,,,,,,,,,,,,,,,,,,,
,,B1,,,99.03%,137196896,138538874,99.15%,136772632,137950159,98.68%,137601356,139437773,98.43%,138317412,140525131,98.11%,139402680,142087088,98.13%,140580188,143262793,98.58%,136866362,138836237,98.99%,134644177,136022396,99.14%,141032373,142261147,98.66%,140501183,142413658,98.54%,139902579,141978504,98.51%,141227536,143365639,97.81%,139962134,143101249,98.88%,143908767,145539843,99.32%,534067266,537718052,99.37%,293152617,294988629,98.82%,230440676,233179434,98.82%,230440676,233179434,98.99%,432701641,437104880,99.19%,426129784,429579079,99.19%,437892722,441467215,99.41%,,,,,,,,,,,,,,,,,,,,,,,,,,,,,,,,,98.80%,499591269,505653065,99.07%,499432312,504096617,99.03%,511394664,516374741,99.33%,507258643,510635494,99.22%,307985275,310386861,99%,222396559,224641020,95.51%,220136582,230465501,85.49%,207524201,242727942,,,,,,,,,,,,,,,,,,,,,,,,,,,,,
,,C1,,,99.94%,179331185,179430511,99.99%,169190331,169211243,99.98%,183705713,183745127,99.99%,199818203,199831274,99.98%,205379331,205418892,99.97%,218896668,218954883,99.95%,226710432,226821012,99.96%,233803978,233896570,,,,99.99%,172563664,172577879,99.98%,171026861,171053179,99.98%,137560251,137587017,99.99%,176772276,176793439,,,,98.97%,138881306,140320147,99.05%,139686884,141018427,98.52%,141973956,144095339,98.52%,141973956,144095339,98.78%,143528422,145297886,98.79%,144565792,146328479,98.83%,142817019,144496082,98.96%,,,,,,,,,,,,,,,,,,,,,,,,,,,,,,,,,95.84%,129003954,134600085,98.59%,146638938,148726939,98.47%,152919238,155284992,99.19%,151628951,152853591,99.44%,201925495,203058634,99.04%,237852628,240143374,96.74%,231980281,239780798,86.8%,226482373,260906554,,,,,,,,,,,,,,,,,,,,,,,,,,,,,
,准确率,A1,,,99.97%,320354816,320455886,99.95%,317405506,317578628,99.94%,327715533,327911720,99.95%,328249148,328408107,99.95%,331375932,331528060,99.98%,313022282,313087979,99.96%,324016903,324156810,99.96%,306949699,307069593,,,,99.97%,323931394,324028480,99.96%,328436308,328566799,99.96%,330418215,330559850,99.95%,332975355,333138505,,,,99.98%,164213416,164234920,99.97%,155888069,155924008,99.97%,173126267,173163277,99.97%,173126267,173163277,99.96%,162495155,162556497,99.97%,139991457,140030495,,,,,,,,,,,,,,,,,,,,,,,,,,,,,,,,,,,,,99.95%,146803927,146864592,99.97%,216777440,216822896,99.97%,209126069,209179863,99.98%,214360291,214382483,99.97%,236445885,236509296,99.96%,286898536,286997211,99.95%,272713320,272842384,99.98%,111669552,111689547,,,,,,,,,,,,,,,,,,,,,,,,,,,,,
,,B1,,,99.96%,84919201,84955861,99.92%,85121685,85192869,99.97%,87906683,87928890,99.97%,89460034,89486131,99.98%,88958830,88972957,99.98%,88963734,88978568,99.95%,87317413,87364835,99.96%,84761445,84796761,,,,99.96%,88479503,88512375,99.97%,88703741,88733355,99.98%,90043899,90063197,99.95%,88499340,88545244,,,,99.97%,312129735,312198948,99.97%,234108877,234168143,99.96%,91309191,91338108,99.96%,91309191,91338108,99.97%,300980151,301061195,99.96%,258742645,258828065,,,,,,,,,,,,,,,,,,,,,,,,,,,,,,,,,,,,,99.95%,296387770,296517292,99.97%,296572483,296656179,99.96%,298911906,299009749,99.97%,303720205,303795603,99.97%,212236440,212295621,99.98%,137117716,137141346,99.98%,138896911,138915785,99.98%,69274084,69286084,,,,,,,,,,,,,,,,,,,,,,,,,,,,,
,,C1,,,99.96%,86431761,86465636,99.97%,86977165,87000863,99.97%,89881754,89903114,99.97%,89881754,89903114,99.98%,104979087,104997680,99.95%,90555433,90599951,,,,,,,,,,,,,,,,,,,,,,,,,,,,,,,,,,,,,99.95%,79376111,79414036,99.96%,92027479,92061468,99.98%,95884389,95899422,99.97%,97195082,97219489,99.98%,116712447,116728426,99.96%,148139271,148187732,99.97%,144838449,144877879,99.97%,62538320,62552020,,,,,,,,,,,,,,,,,,,,,,,,,,,,,
,汇总,A1,,,0.99190158,,,0.99140249,,,0.98790354,,,,,,,,,,,,,,,,,,,,,,,,,,,,,,,,,,,,,,,,,,,,,,,,0.97501225,,,0.9885033599999999,,,0.98920315,,,0.9926014400000001,,,0.9932019500000001,,,0.9898039200000001,,,0.9518238500000001,,,0.8503299000000001,,,0,,,0,,,0,,,0,,,,,,,,,,,,,,,,,,,
,,B1,,,0.99290204,,,0.99340189,,,0.9878047199999999,,,,,,,,,,,,,,,,,,,,,,,,,,,,,,,,,,,,,,,,,,,,,,,,0.987506,,,0.99040279,,,0.9899038799999998,,,0.99300201,,,0.99190234,,,0.989802,,,0.95490898,,,0.8547290200000001,,,0,,,0,,,0,,,0,,,,,,,,,,,,,,,,,,,
,,C1,,,0.98930412,,,0.99020285,,,0.98490444,,,,,,,,,,,,,,,,,,,,,,,,,,,,,,,,,,,,,,,,,,,,,,,,0.9579208000000001,,,0.98550564,,,0.9845030600000001,,,0.99160243,,,0.9942011199999999,,,0.99000384,,,0.96710978,,,0.8677396,,,0,,,0,,,0,,,0,,,,,,,,,,,,,,,,,,,
"PR
移动网",关联率,A1,,,99.96%,225792875,225882354,99.96%,230362827,230449598,99.96%,230369452,230458520,99.95%,232807147,232912667,99.96%,231193047,231285598,99.96%,234725964,234823284,99.96%,234644123,234739861,99.96%,224962010,225055773,99.96%,231663873,231754196,99.86%,239274550,239612735,99.95%,239965902,240087797,99.97%,234915836,234990097,99.84%,232117222,232491585,99.95%,232069260,232187085,99.93%,85364750,85419431,99.90%,82622497,82697005,99.91%,86489023,86562434,99.91%,86489023,86562434,99.92%,85736580,85801726,99.86%,62148924,62229958,99.93%,64817793,64860750,99.92%,,,,,,,,,,,,,,,,,,,,,,,,,,,,,,,,,99.89%,82881306,82971438,99.89%,102004586,102107887,99.89%,106035912,106142770,99.88%,99636207,99750767,99.85%,135416418,135618490,99.75%,159677799,160071360,99.06%,160844222,162366923,89.87%,159557935,177526925,,,,,,,,,,,,,,,,,,,,,,,,,,,,,
,,B1,,,99.98%,55695308,55705263,99.98%,56563582,56572117,99.98%,56201555,56210943,99.98%,57110571,57121258,99.99%,57688916,57697386,99.98%,58764449,58774002,99.98%,58353363,58363610,99.98%,56126746,56136318,99.98%,58500932,58510491,99.99%,57566287,57573619,99.98%,57678002,57687312,99.99%,57845216,57853875,99.91%,57246186,57298681,99.98%,56975696,56989417,99.97%,236344971,236407636,99.97%,131163231,131197890,99.97%,104774879,104804977,99.97%,104774879,104804977,99.54%,195965290,196054183,99.96%,186204254,186264452,99.97%,187732458,187784928,99.97%,,,,,,,,,,,,,,,,,,,,,,,,,,,,,,,,,99.96%,235762708,235850828,99.94%,236274713,236404967,99.89%,247063290,247332369,99.94%,226023308,226146481,99.9%,134862053,134991085,99.88%,103238963,103361689,99.2%,111860103,112761027,91.08%,110092943,120867312,,,,,,,,,,,,,,,,,,,,,,,,,,,,,
,,C1,,,99.93%,63800213,63842066,99.93%,65893043,65940910,99.94%,67298874,67341857,99.93%,66870660,66914797,99.93%,68046695,68093668,99.93%,68573278,68619937,99.93%,67251113,67295151,99.93%,61423343,61464769,,,,99.93%,72691767,72743441,99.93%,72197198,72248750,99.93%,68751701,68800309,99.94%,61639277,61679110,,,,99.98%,57895362,57904141,99.97%,56268281,56279544,99.98%,58113431,58124369,99.98%,58113431,58124369,99.96%,60069423,60089058,99.98%,59663800,59672846,99.98%,58277944,58286047,99.99%,,,,,,,,,,,,,,,,,,,,,,,,,,,,,,,,,99.97%,50583414,50596959,99.96%,57776642,57795327,99.96%,61959440,61978303,99.95%,64585139,64614555,99.89%,88562831,88657161,99.89%,100354936,100456343,99.24%,100868245,101640034,91.1%,100334008,110134748,,,,,,,,,,,,,,,,,,,,,,,,,,,,,
,准确率,A1,,,99.97%,188136934,188184967,99.98%,190697160,190739427,99.98%,190217684,190258454,99.98%,193044126,193091393,99.98%,191028974,191072313,99.98%,194432732,194478201,99.98%,194411514,194456681,99.98%,184690865,184733365,,,,99.98%,198911718,198960666,99.98%,198354148,198396063,99.98%,195147169,195188854,99.98%,192602079,192646360,,,,99.92%,71066563,71119361,99.92%,68022799,68072327,99.92%,74295784,74349428,99.92%,74295784,74349428,99.93%,74581046,74632983,99.93%,52934423,52971414,,,,,,,,,,,,,,,,,,,,,,,,,,,,,,,,,,,,,99.93%,67839945,67885788,99.92%,87220634,87287592,99.92%,90877198,90945744,99.93%,83527428,83585349,99.94%,109686747,109747452,99.94%,133997866,134066241,99.95%,136160302,136227517,99.93%,84642642,84698080,,,,,,,,,,,,,,,,,,,,,,,,,,,,,
,,B1,,,99.95%,50095793,50122077,99.95%,48998917,49021152,99.95%,48473347,48495689,99.95%,49875606,49899715,99.95%,49917459,49940933,99.95%,50993848,51019480,99.95%,50715395,50739356,99.95%,47837003,47859803,,,,99.96%,50133845,50155274,99.96%,50079153,50100567,99.96%,50306042,50327755,99.96%,49552204,49573979,,,,99.97%,196324088,196368939,99.97%,123197413,123224651,99.97%,78306424,78326195,99.97%,78306424,78326195,99.97%,164262298,164298232,99.97%,155846262,155880560,,,,,,,,,,,,,,,,,,,,,,,,,,,,,,,,,,,,,99.97%,197541026,197583619,99.97%,198110732,198153027,99.79%,211654454,211698085,99.97%,187918331,187958678,99.98%,115577144,115597148,99.98%,83972169,83987870,99.98%,92616294,92633124,99.97%,59733255,59747246,,,,,,,,,,,,,,,,,,,,,,,,,,,,,
,,C1,,,99.95%,50336069,50358843,99.95%,48621833,48642034,99.96%,50386219,50406247,99.96%,50386219,50406247,99.95%,52233266,52254936,99.95%,51755995,51778583,,,,,,,,,,,,,,,,,,,,,,,,,,,,,,,,,,,,,99.95%,45447578,45467670,99.95%,50024481,50045829,99.95%,54203743,54228800,99.95%,55313263,55338422,99.96%,75006233,75030790,99.96%,86992326,87018521,99.96%,87774964,87802566,99.96%,56173890,56196156,,,,,,,,,,,,,,,,,,,,,,,,,,,,,
,汇总,A1,,,0.9985005600000001,,,0.9982008000000001,,,0.9983007199999999,,,,,,,,,,,,,,,,,,,,,,,,,,,,,,,,,,,,,,,,,,,,,,,,0.9982007700000001,,,0.99810088,,,0.99810088,,,0.99810084,,,0.9979009,,,0.9969015,,,0.9901047000000001,,,0.8980709100000001,,,,,,,,,,,,,,,,,,,,,,,,,,,,,,,
,,B1,,,0.9994000900000001,,,0.9994000900000001,,,0.9994000900000001,,,,,,,,,,,,,,,,,,,,,,,,,,,,,,,,,,,,,,,,,,,,,,,,0.99930012,,,0.99910018,,,0.99680231,,,0.99910018,,,0.9988002,,,0.99860024,,,0.9918016000000001,,,0.9105267600000001,,,,,,,,,,,,,,,,,,,,,,,,,,,,,,,
,,C1,,,0.9993001,,,0.9992001500000001,,,0.9994000799999999,,,,,,,,,,,,,,,,,,,,,,,,,,,,,,,,,,,,,,,,,,,,,,,,0.9992001500000001,,,0.9991002,,,0.9991002,,,0.9990002500000001,,,0.99850044,,,0.99850044,,,0.99200304,,,0.9106356000000001,,,,,,,,,,,,,,,,,,,,,,,,,,,,,,,
